{"noiseKey":{"private":{"type":"Buffer","data":"uJdMUwOyGZRN6RWDz5gK4dW7GZxlHuuyFXAq+CJaC28="},"public":{"type":"Buffer","data":"zx7E7Rmv/RgU3sH/PvSX6Z9bSkgbi8rFsPVISvvtQh4="}},"pairingEphemeralKeyPair":{"private":{"type":"Buffer","data":"oIzklIJgTOc73gVQsS0tnpv1lPbdjYia08XJo0whD3g="},"public":{"type":"Buffer","data":"X34P8+iHuES7Xvy16r+FdRT6AXXGg5gmwDJqcb10XCY="}},"signedIdentityKey":{"private":{"type":"Buffer","data":"6OezBFASHpq19MFitx3xq7ZKQJRPHtrJAy8wbGdhXnI="},"public":{"type":"Buffer","data":"iPuhYLheUl7jVhcqamBPDRZ1QuCG/MGO/0uPJPhlw28="}},"signedPreKey":{"keyPair":{"private":{"type":"Buffer","data":"UN0Yg8IbTZhqseRr00VmpYbfxFC8gKtFSkfb9d6UUnM="},"public":{"type":"Buffer","data":"ue/vMrHxWn3DQ7geAFme2Badrd0Wqqe0AmBW3Eah82s="}},"signature":{"type":"Buffer","data":"xq/yz2P5+dABL+vQ6ZIdJsfTxLQKEpD/NQX+ynoJQaI9glXHnNXda+MWodacRHUkKJl/5+Gj7bMWN3J2hItKiw=="},"keyId":1},"registrationId":101,"advSecretKey":"+F8qpngpFoc56YiZGdmG+HKHP07vuRPm2XglWGfd/+Q=","processedHistoryMessages":[{"key":{"remoteJid":"50941865490@s.whatsapp.net","fromMe":true,"id":"A5DF0D8BB87E1913A4C09269E474A5A8"},"messageTimestamp":1758715783},{"key":{"remoteJid":"50941865490@s.whatsapp.net","fromMe":true,"id":"A55AF20C4E095BDDEB285D80EDAB4C28"},"messageTimestamp":1758715883},{"key":{"remoteJid":"50941865490@s.whatsapp.net","fromMe":true,"id":"A5C20F68EB39BF250A054F06B0639FC1"},"messageTimestamp":1758715984},{"key":{"remoteJid":"50941865490@s.whatsapp.net","fromMe":true,"id":"A585559D7666F912B0CA9020932BF624"},"messageTimestamp":1758716046}],"nextPreKeyId":346,"firstUnuploadedPreKeyId":346,"accountSyncCounter":1,"accountSettings":{"unarchiveChats":false},"deviceId":"IL-7eQf-SIeg5csuK_frAg","phoneId":"7fa1cabe-6518-4179-82b2-7dc84a394a7a","identityId":{"type":"Buffer","data":"J3kDKcfBRgcWTcdWMJwI7ud4bgk="},"registered":true,"backupToken":{"type":"Buffer","data":"1OYkSsBau51HvFTIMoR12659n00="},"registration":{},"pairingCode":"YYXXJSR3","me":{"id":"50941865490:10@s.whatsapp.net","name":"𝙩𝙝𝙚 𝙠𝙞𝙣𝙜","lid":"273027430371362:10@lid"},"account":{"details":"CNvdiO0CEOO+z8YGGAogACgA","accountSignatureKey":"qAzzNPToFkO1+BCpUEZSgIz/M0Ywx1P+3NhJco8/Iys=","accountSignature":"Kn9gLc/zT8jxZTggp99JDZp0A6/O6YG7hU/wXuu2sWuIuwHqoi/H2ITQTCO7eqMSuy/NzS4iO2KX4ZZUD+mEDA==","deviceSignature":"D2yNESWo4FfGee4eYUJinHNzt5WBhx+jU3dhbCrT1EetIFplJwEh/xrkqGAJFxt0h+kbUuhwrZUMxSnhAK4lig=="},"signalIdentities":[{"identifier":{"name":"50941865490:10@s.whatsapp.net","deviceId":0},"identifierKey":{"type":"Buffer","data":"BagM8zT06BZDtfgQqVBGUoCM/zNGMMdT/tzYSXKPPyMr"}}],"platform":"smba","routingInfo":{"type":"Buffer","data":"CAUIDQ=="},"lastAccountSyncTimestamp":1758721930,"lastPropHash":"2G4Amu","myAppStateKeyId":"AAAAAHxU"}