{"noiseKey":{"private":{"type":"Buffer","data":"8Lbj/cGSCMz9NWwLcIE6lArMiETi3183+Zd71CJ3GlU="},"public":{"type":"Buffer","data":"FmRokvzTEgd8gZpOPEzCmS8maM/LfdHdt84uUVpknm4="}},"pairingEphemeralKeyPair":{"private":{"type":"Buffer","data":"mMVoLVsdokKOaNP5pk7TwrLRsIDtTeUnpbQy6q1LLGU="},"public":{"type":"Buffer","data":"5a0Jovvuf4vkMoeM/N+jp/nTOZvfuyLPFJxYZMnFP0U="}},"signedIdentityKey":{"private":{"type":"Buffer","data":"cGsv8kwsJ68x8CJ+hb+1r+EO0a3ldoiglDUCBpkkZX4="},"public":{"type":"Buffer","data":"Y2tZI5Lgi23ZhIOonopkcdGzupk9EsiQDz3M5k8eJDo="}},"signedPreKey":{"keyPair":{"private":{"type":"Buffer","data":"qDXQHc6K/uc/w+muKH4192avxmTsi1jNz1COgAjG7Ew="},"public":{"type":"Buffer","data":"ctV3pAjD+l6KsmpOoaBErHkIQfq/MiUJrbH+yfogvVs="}},"signature":{"type":"Buffer","data":"ceZ4DQ8qjWtT0KCe/BJarsEREsleqW381A1bd5qdnuQYGlWZn2Mp8gGXHqIxhkk1Ah/4YoEYAX7WJl9CZSkxCQ=="},"keyId":1},"registrationId":77,"advSecretKey":"x8ZsiC5K8mVgYSrJ7tM6ZoHXoGx5Q71tLGNSy3XMfiU=","processedHistoryMessages":[],"nextPreKeyId":1,"firstUnuploadedPreKeyId":1,"accountSyncCounter":0,"accountSettings":{"unarchiveChats":false},"deviceId":"vrzVh0OXRGmri3lnTK0kYg","phoneId":"3ddeadc6-78d1-42dc-ac5f-030abfadab5b","identityId":{"type":"Buffer","data":"SPykAxJVnrMZfy6OVy1FNdnyTHA="},"registered":true,"backupToken":{"type":"Buffer","data":"FYK5V9miDcvXYsl/PU26wRfnJ90="},"registration":{},"pairingCode":"LFNFT24F","me":{"id":"22588145722:55@s.whatsapp.net"},"account":{"details":"CMHq9Z4BEMyBssYGGAMgACgA","accountSignatureKey":"vlm4J10Z4cm5X5ZBN2p+iuYU8aSMnWDFDjSol82tDH0=","accountSignature":"+dh6/rcuCLv+NWhm5579HrQcbSROtdnbqbVurFLXd1EqYYxaOImalC9W/mH/iqGAnEEbti8AuDAa3Gw280BDAw==","deviceSignature":"rNDYNRq+1QmNqU1gPoJN8toZBN6WQYEJA8m65H09jk/JpbVDIKBJNROQ2wdBou2GQnhuo3gVwGpVFNk+yWOGAQ=="},"signalIdentities":[{"identifier":{"name":"22588145722:55@s.whatsapp.net","deviceId":0},"identifierKey":{"type":"Buffer","data":"Bb5ZuCddGeHJuV+WQTdqformFPGkjJ1gxQ40qJfNrQx9"}}],"platform":"android"}