{"noiseKey":{"private":{"type":"Buffer","data":"YCiv5Wk5tdm8jTxMaxZWtzeTxTV05lOrkQtT96DVPEM="},"public":{"type":"Buffer","data":"fSZshgdqW+G5mxRn+U4FgRyZ2bclqqGV6/jhUCuFsAo="}},"pairingEphemeralKeyPair":{"private":{"type":"Buffer","data":"0H0hJCyCRAF/fXjfyj2Iunvhi4R5QsMIZDGuAdsv22k="},"public":{"type":"Buffer","data":"i30YN/CElyofbvpZRTbTfCG5ItsSJUw7UDtgiMTfRmQ="}},"signedIdentityKey":{"private":{"type":"Buffer","data":"yGcSoLPZqb8S1OwDDh24cP3rmI72iu6F5SW0k1oWhng="},"public":{"type":"Buffer","data":"hViigM0NvpdHZo8UwUZb0jT/c3a8XzdI4a9iEfIAdUA="}},"signedPreKey":{"keyPair":{"private":{"type":"Buffer","data":"6P5isbm8BKf1j9fABqXRabP9jfwGtvVpmUwL8KzQjFs="},"public":{"type":"Buffer","data":"/wvRZpV0MW7Dn+fPjM2pzRBloG10OM1W9YefweDGnEI="}},"signature":{"type":"Buffer","data":"rKT/qazTFPgriJLxyIIF/pc8tc6wtCThqlPjRjFBRKW0VyHxwLdo+0+lGKSfeRVtfGAzvK49moMf/B5Lflafgw=="},"keyId":1},"registrationId":53,"advSecretKey":"s79hrLR8lCeOb4ZYL6Y1BdEhAUt54F1KTN31qezP/v4=","processedHistoryMessages":[{"key":{"remoteJid":"5217561557570@s.whatsapp.net","fromMe":true,"id":"ACFAE96BAA0D7108C1E354F11B6D1841"},"messageTimestamp":1757690879},{"key":{"remoteJid":"5217561557570@s.whatsapp.net","fromMe":true,"id":"ACFE405675A16105884CBADB141011EF"},"messageTimestamp":1757690879},{"key":{"remoteJid":"5217561557570@s.whatsapp.net","fromMe":true,"id":"AC2CC5D49DE316FD4FF57FB07A77E821"},"messageTimestamp":1757690940},{"key":{"remoteJid":"5217561557570@s.whatsapp.net","fromMe":true,"id":"ACEAACCADBE1DAD8B86C1AFB2B708F80"},"messageTimestamp":1757691001},{"key":{"remoteJid":"5217561557570@s.whatsapp.net","fromMe":true,"id":"ACA1D578914E227593C8EC618BD2FB82"},"messageTimestamp":1757691095}],"nextPreKeyId":140,"firstUnuploadedPreKeyId":140,"accountSyncCounter":1,"accountSettings":{"unarchiveChats":false},"deviceId":"g19rB2cvR26q7YM3IS36ZQ","phoneId":"cf1df968-2aae-41c2-a566-83fe50b46a34","identityId":{"type":"Buffer","data":"jOSCIjzNrXQtGWPKb1My1YVX0yY="},"registered":true,"backupToken":{"type":"Buffer","data":"XMSHObxyv9dFFITq8ll0MJX2zcI="},"registration":{},"pairingCode":"MLAJDXYB","me":{"id":"5217561557570:26@s.whatsapp.net","lid":"102834938843279:26@lid","name":"『˹𝐈𝐀⃥ٙ˺』"},"account":{"details":"COSYr/kBEOf3kMYGGAcgACgA","accountSignatureKey":"3tLvat3yAcI2q/BEsGI/75nqUXO+phUK8zaEEwV+M38=","accountSignature":"muqnXo+/Lptub+SjD7QcxLztM1UyATfxWlEXV+QOJRv+9UODy1MhscW8Ny4h5VIw3klYvRwIPNv1PxTuohduDw==","deviceSignature":"4eOev1uSwLenVcqOV+m8q0djj0dBjwOj9CgxLu1pO088gY3QfPL8craCyQXRxJf+qye733uvmiURRKeFCQJEiA=="},"signalIdentities":[{"identifier":{"name":"5217561557570:26@s.whatsapp.net","deviceId":0},"identifierKey":{"type":"Buffer","data":"Bd7S72rd8gHCNqvwRLBiP++Z6lFzvqYVCvM2hBMFfjN/"}}],"platform":"android","routingInfo":{"type":"Buffer","data":"CA0IAg=="},"lastAccountSyncTimestamp":1757690870,"lastPropHash":"1K4hH4","myAppStateKeyId":"AAAAAMTE"}