{"noiseKey":{"private":{"type":"Buffer","data":"MINioZ3QN+1aAQZDGzWOicKh6XBmUJQGadewlELhakc="},"public":{"type":"Buffer","data":"p/PxiU4/+ZFNhRMTsxida9BUzT9gi8ibah8J/hAspyc="}},"pairingEphemeralKeyPair":{"private":{"type":"Buffer","data":"2I1hWfP+WpA3VmZYdGKNWkG9JDZ6rX2jZ63+ebRlrVA="},"public":{"type":"Buffer","data":"xN6TCH6vMFbHy0o+AZhoJ2f9OSa0twTUO3RULFcMUWw="}},"signedIdentityKey":{"private":{"type":"Buffer","data":"gC89hyBln2fQdZ5E7jI60eSii8YNTsTC3zd6xItLuWU="},"public":{"type":"Buffer","data":"oE2hMRcGQpLMElAzZ/vEWlO2nUNwdVbBGDZJOInjJ3M="}},"signedPreKey":{"keyPair":{"private":{"type":"Buffer","data":"SNTOD7tPKFOPRQ+N+ctIJeAooO8WEaF8M5n1/UgO8FU="},"public":{"type":"Buffer","data":"DpYIJDMUqoFj8FYqFGca4ltw0GnjQaSW69R8sGCAZE0="}},"signature":{"type":"Buffer","data":"b9j0JPtFj8mTqkNcPNZkrg2sJA/pJyHvXt3bStwOvmCRJCtaIuEWKpG0A5GjXfrHoc0CNEgDHHRA1WE8YHUaDQ=="},"keyId":1},"registrationId":33,"advSecretKey":"Rx9PrrMOGMF+IQ2SfYva/tqwc2irGhX/rQQf3DP9jzw=","processedHistoryMessages":[{"key":{"remoteJid":"2250705161749@s.whatsapp.net","fromMe":true,"id":"AC1497D05071BD6520ED3CC7653686E1"},"messageTimestamp":1757687831},{"key":{"remoteJid":"2250705161749@s.whatsapp.net","fromMe":true,"id":"AC4E83DCB2D1DE0405B120348FEF0A94"},"messageTimestamp":1757687848},{"key":{"remoteJid":"2250705161749@s.whatsapp.net","fromMe":true,"id":"AC890699C6AB0B742D22213D370186BD"},"messageTimestamp":1757687991},{"key":{"remoteJid":"2250705161749@s.whatsapp.net","fromMe":true,"id":"AC9656BBA3701C9CA44265E78A83A899"},"messageTimestamp":1757688025}],"nextPreKeyId":108,"firstUnuploadedPreKeyId":108,"accountSyncCounter":1,"accountSettings":{"unarchiveChats":false},"deviceId":"Xi_rvigKQwaLiyeWQpWxLw","phoneId":"287a096e-374e-4a60-97ce-7110e4af720f","identityId":{"type":"Buffer","data":"x5cQEQdUh4MzREwjU7fKSPtWHwM="},"registered":true,"backupToken":{"type":"Buffer","data":"SiojMCmaGrJwtwZwy6qaAJXlQSI="},"registration":{},"pairingCode":"VK1MNCL7","me":{"id":"2250705161749:30@s.whatsapp.net","lid":"17188962439386:30@lid","name":"Milevado⚽⚽🥅"},"account":{"details":"CNWTwikQ/N+QxgYYASAAKAA=","accountSignatureKey":"8aEJhTk7KP//hYt7z7/HCZWX4KZatutRYXl1175bb3g=","accountSignature":"2qTXQggWZvGfQEIk8XRVHmzqDND238gBbBNp1i1gbl2+v1VA8FFCDGd1umHCYx2DVN6QlMeoBv3jV0bFbDdvDg==","deviceSignature":"YyLXQ7vzwO0ciZLE8dtSPs/ESWRm7TLvsWfU0IIOnroF3+Y7SxTPt8N0kVeXP1NNpgMuYJI8eqdkRrfv5fQTBA=="},"signalIdentities":[{"identifier":{"name":"2250705161749:30@s.whatsapp.net","deviceId":0},"identifierKey":{"type":"Buffer","data":"BfGhCYU5Oyj//4WLe8+/xwmVl+CmWrbrUWF5dde+W294"}}],"platform":"android","routingInfo":{"type":"Buffer","data":"CA0IAg=="},"lastAccountSyncTimestamp":1757687919,"lastPropHash":"2G4Amu","myAppStateKeyId":"AAAAAFza"}