{"noiseKey":{"private":{"type":"Buffer","data":"eBJZGvg1/3Q6Ida+sG9kaljS6x5APM+EpKdBxpTIHGA="},"public":{"type":"Buffer","data":"RbdURbO3tQ/A3jt5pYb8mTOUHBfbK/+8s93Lu5AgSiE="}},"pairingEphemeralKeyPair":{"private":{"type":"Buffer","data":"8KDhpgtOqu9Xf6xJwqVX/gh7apQFC/Bujo7z5L+OS0Q="},"public":{"type":"Buffer","data":"bQiRbi+V3CwuF70Mu2OXAqusOArjx0EpvsmKowEUkwA="}},"signedIdentityKey":{"private":{"type":"Buffer","data":"wCprmh+r4dOc38GNv0u5L3WfpxHiTB1A22wNKQESHkc="},"public":{"type":"Buffer","data":"oVCeFODBGKXL6tUyZW5AWV2FvMG7UgSluK83f36sWlU="}},"signedPreKey":{"keyPair":{"private":{"type":"Buffer","data":"uOQis9dfrGrEFF/6GbhFn7OG0cutgSdOtTlIFG5Vx3Q="},"public":{"type":"Buffer","data":"+Q3h2AsxdXqpjEhen1aw70PuEEjtlCZ0RNaitz/kNXE="}},"signature":{"type":"Buffer","data":"U/11KIu6sDE1Qu7TUKJU9B8HHOpui5EkBrlIV9VhjtEI5DQjbE+ZM9GwQAjQrb/geq1vMcO/g3J+ZY4hKq0yCA=="},"keyId":1},"registrationId":252,"advSecretKey":"QoPq6Fpqo6gEeD3eG/n9JiqYACpZXB8SMo8pMXzRCGs=","processedHistoryMessages":[{"key":{"remoteJid":"243974431849@s.whatsapp.net","fromMe":true,"id":"AC15EDF17D5ED225B1B6131CD8CD6061"},"messageTimestamp":1758398791},{"key":{"remoteJid":"243974431849@s.whatsapp.net","fromMe":true,"id":"AC879650A14BE0253709CF7F46728602"},"messageTimestamp":1758398792},{"key":{"remoteJid":"243974431849@s.whatsapp.net","fromMe":true,"id":"AC39161892CC51E17255A75DA358178B"},"messageTimestamp":1758398808},{"key":{"remoteJid":"243974431849@s.whatsapp.net","fromMe":true,"id":"ACE0EBBCC652208551520CAB7F91D3CE"},"messageTimestamp":1758398816},{"key":{"remoteJid":"243974431849@s.whatsapp.net","fromMe":true,"id":"AC6BBA1C489F899423356219FC390250"},"messageTimestamp":1758398824},{"key":{"remoteJid":"243974431849@s.whatsapp.net","fromMe":true,"id":"AC9C37ACCCEB1E1EA16DEFAB33191C43"},"messageTimestamp":1758398833},{"key":{"remoteJid":"243974431849@s.whatsapp.net","fromMe":true,"id":"AC985C59DB95A4BC36C1D7551D47EC72"},"messageTimestamp":1758398845},{"key":{"remoteJid":"243974431849@s.whatsapp.net","fromMe":true,"id":"ACAA820FD4FE21F8AF75533D65E463B1"},"messageTimestamp":1758398855},{"key":{"remoteJid":"243974431849@s.whatsapp.net","fromMe":true,"id":"ACB134694A2CF14212D2B2EE05D2B8CD"},"messageTimestamp":1758398883},{"key":{"remoteJid":"243974431849@s.whatsapp.net","fromMe":true,"id":"ACE9EBFC94E360D03052FE3370B9FF9B"},"messageTimestamp":1758398887},{"key":{"remoteJid":"243974431849@s.whatsapp.net","fromMe":true,"id":"AC6DF6C22989D646A1B76EC1A85837D2"},"messageTimestamp":1758398897},{"key":{"remoteJid":"243974431849@s.whatsapp.net","fromMe":true,"id":"AC124C5471FD37AEE0EF23AD4239F49A"},"messageTimestamp":1758398908},{"key":{"remoteJid":"243974431849@s.whatsapp.net","fromMe":true,"id":"AC3518BEC28B291AC4CE35E92E67C6ED"},"messageTimestamp":1758398924},{"key":{"remoteJid":"243974431849@s.whatsapp.net","fromMe":true,"id":"ACFEF18C9E3757CD850270078CD9D98B"},"messageTimestamp":1758398931},{"key":{"remoteJid":"243974431849@s.whatsapp.net","fromMe":true,"id":"AC21DFBF97F8340BD7BCFD951E65F6E4"},"messageTimestamp":1758398944},{"key":{"remoteJid":"243974431849@s.whatsapp.net","fromMe":true,"id":"AC08E07B0BB26AA40F96D318B2C7F602"},"messageTimestamp":1758398957},{"key":{"remoteJid":"243974431849@s.whatsapp.net","fromMe":true,"id":"AC77E96F5100DBE9AE71A83AE53D8042"},"messageTimestamp":1758398958}],"nextPreKeyId":2016,"firstUnuploadedPreKeyId":2016,"accountSyncCounter":1,"accountSettings":{"unarchiveChats":false},"deviceId":"fKz1RtdQQ2eudO4srDFh4w","phoneId":"1b07154d-613e-43a0-ae4d-32a7241261ad","identityId":{"type":"Buffer","data":"bRh9jBRoRX+EqA0w6q3pL2BOyEM="},"registered":true,"backupToken":{"type":"Buffer","data":"tJv03WGFzoaY8PWcTFIlA+ia/Tg="},"registration":{},"pairingCode":"S7T2NCQZ","me":{"id":"243974431849:72@s.whatsapp.net","lid":"124464327037050:72@lid","name":"𝐀𝐧𝐨𝐬 𝐕𝐨𝐥𝐝𝐢𝐠𝐨ad"},"account":{"details":"CLvKmwEQsZK8xgYYASAAKAA=","accountSignatureKey":"5LeqTdfF0JdL1MQ8QQBvd3r4DAZLVWPfM6dJLcTXhHw=","accountSignature":"PTdRiK24ttPhTgYtcCigYf01i0WyuYn9u/VlE2x6jU1GGpne63Rzz70nYNTtEGhuO0EEScz4LwSqym59QpRxBg==","deviceSignature":"BpqYIxocEVn6Ilt0xUmN9KwrIaUy5PL1mfdKuIiVVwR0iI/JhyLHkt3D8MytLoP5PmK0mN0RnJNjrJnKkhAEDw=="},"signalIdentities":[{"identifier":{"name":"243974431849:72@s.whatsapp.net","deviceId":0},"identifierKey":{"type":"Buffer","data":"BeS3qk3XxdCXS9TEPEEAb3d6+AwGS1Vj3zOnSS3E14R8"}}],"platform":"android","routingInfo":{"type":"Buffer","data":"CA0IBQ=="},"lastAccountSyncTimestamp":1758670246,"lastPropHash":"3gPUJk","myAppStateKeyId":"AAAAABmf"}