{"noiseKey":{"private":{"type":"Buffer","data":"aEr4EjL8TpA009no4URSMYFtWyUnmRTQlf0J5MAvdWY="},"public":{"type":"Buffer","data":"Xn90fH/PhSqNvL1LHiMiGDl12V1SDKV9cGuNgkSRCnw="}},"pairingEphemeralKeyPair":{"private":{"type":"Buffer","data":"KGrnPWiyqAQbuh8hn2X1HWHJfwPQewOE9kOQLwHoxko="},"public":{"type":"Buffer","data":"SGi5H9ilXW/aMTReNemqX/9l3xiFwMw/Ulmg+GL9KHY="}},"signedIdentityKey":{"private":{"type":"Buffer","data":"GBt31UrSge9j6KxsecL5t+nfMWqQSc7r32wYK7gCh0Y="},"public":{"type":"Buffer","data":"nS/4Kmb9LJs7O692mgh36580o83b35dMRK+dyPGZtgc="}},"signedPreKey":{"keyPair":{"private":{"type":"Buffer","data":"cMNLp7X6Sd6Lcx2rs5Jv8R2+Q5wz9/QiEZK4ObqyN0g="},"public":{"type":"Buffer","data":"lVr+upTv9uI8UG/BbG7dr4oLe66db5pFEYk3o6uQ5Dw="}},"signature":{"type":"Buffer","data":"oinKC70foHh5Hq2PPmNotxCAPLral5MaibulaeSmNYnBx3Dn35PQoUjyQHrXqUfsK27FJnvqcF5d01UiTVguCw=="},"keyId":1},"registrationId":83,"advSecretKey":"Tvif6+OclSvaFJSYvWHKjwZ8T3XVm+3t61W48aZHB/U=","processedHistoryMessages":[],"nextPreKeyId":1,"firstUnuploadedPreKeyId":1,"accountSyncCounter":0,"accountSettings":{"unarchiveChats":false},"deviceId":"NS3dHRetQVeZloIUTndU4w","phoneId":"2874f62c-088d-4fb1-aba1-a8987f7e79e9","identityId":{"type":"Buffer","data":"cvzHD60R5na1JimB0e6E7ntWXig="},"registered":true,"backupToken":{"type":"Buffer","data":"odNJA14kVS4usGK17ppvb3LO3eY="},"registration":{},"pairingCode":"DT5RRYWZ","me":{"id":"233503235876@s.whatsapp.net","name":"~"}}