{"noiseKey":{"private":{"type":"Buffer","data":"oAkXUEkHWT9jFMPTu7fyZtv+++rA2gzTVcM1c64LIVs="},"public":{"type":"Buffer","data":"ObP1010As7erM/yTxeDDrBsP5guTq+G933eMwOtOcWk="}},"pairingEphemeralKeyPair":{"private":{"type":"Buffer","data":"MARoV8lYAYBa9ZFTsGypr8I7JitereY8ZqnBm9Q3h00="},"public":{"type":"Buffer","data":"wl3+OcK1txrrlFh0vJ7EQUuRinQdgGWd3TckkojWDhI="}},"signedIdentityKey":{"private":{"type":"Buffer","data":"eAk0ey0emuX4utxAn/0JLiaBKSb1i7AXQf/OpJSK82Y="},"public":{"type":"Buffer","data":"Wpi+T7XfNL53fAqqnPq6wafPCP7yBInGg858iXOD20g="}},"signedPreKey":{"keyPair":{"private":{"type":"Buffer","data":"qEU0p7WSx3tS0nPVtkM91maK868xh7uyVpZPRKIvtXI="},"public":{"type":"Buffer","data":"amV30qX+2Nmjr0bi8RTPOlaoaujzk6N1MiDqHQQN+zA="}},"signature":{"type":"Buffer","data":"xV28KannVC8QST10p+QlsxYhMIdELuPzW728g5vH48VMiyLl8/W9l2+Jex4houFyyuKWHv2PTF9XJ3sDtmTbAw=="},"keyId":1},"registrationId":194,"advSecretKey":"PXVDiLACOuExzSJmULON5he/yL/bLkNSw/ETD7/xiU8=","processedHistoryMessages":[],"nextPreKeyId":1,"firstUnuploadedPreKeyId":1,"accountSyncCounter":0,"accountSettings":{"unarchiveChats":false},"deviceId":"c6CvEWwGQuaFPSs93K1i9Q","phoneId":"09a35385-dcff-4980-b493-9480862fddaf","identityId":{"type":"Buffer","data":"wvWxvJB+hi9FMt+CILU8RWjO/iA="},"registered":true,"backupToken":{"type":"Buffer","data":"Vj108kzIairFBkJpKKrmNsxJYLo="},"registration":{},"pairingCode":"WLSRWZ45","me":{"id":"94743655921@s.whatsapp.net","name":"~"}}