{"noiseKey":{"private":{"type":"Buffer","data":"CFOtXRR1uEW0LGWFNPJ9iJHHmCLOpezKsdj6MrzpPk0="},"public":{"type":"Buffer","data":"vHB4SWDSLyhH9F/MUIfsojuKI2WffejlqwsvGytNOUQ="}},"pairingEphemeralKeyPair":{"private":{"type":"Buffer","data":"sL1pn58NUU2sy3y3/z/nUg9V0pvKHBy9+Nf49Fe32FE="},"public":{"type":"Buffer","data":"9lA8ylo7TDok6MpcoGVy7znLjkt6Hmaj/IjX/MNgvzc="}},"signedIdentityKey":{"private":{"type":"Buffer","data":"cJwjyym7S96D7BdULMfgoGsnb9ZXGkh8hP9U3dUriV4="},"public":{"type":"Buffer","data":"9u7GdVGRpZtjJCvCbYnrxyMwd8WZopKALAYCNgPNbCU="}},"signedPreKey":{"keyPair":{"private":{"type":"Buffer","data":"QBklhz4pEB+D+q/Hj/a4IrJa62kH5aET2BkJn3eaKlM="},"public":{"type":"Buffer","data":"tZBaC+nWCtNR+vKC7hsPWTrXgbEZdBdX18268poFYxU="}},"signature":{"type":"Buffer","data":"aENQpTQBfpEhNFWEqryWmyhvc5jG+AyGYnMAvNIwAmD/d2ckROZnS1vWwcmZY7TSohBjijJQdiJWtbJNvTITjw=="},"keyId":1},"registrationId":178,"advSecretKey":"JW7Ja8UUF+jDvwLKmaNPXjVaem/r7l2yJLD6aQqAeLU=","processedHistoryMessages":[],"nextPreKeyId":31,"firstUnuploadedPreKeyId":31,"accountSyncCounter":0,"accountSettings":{"unarchiveChats":false},"deviceId":"opxAGPqPThy_FPIqAH93Uw","phoneId":"50cbb2c1-1993-4881-8825-bfcd82409b0e","identityId":{"type":"Buffer","data":"ceON2xO+N15cBuCT0uDN8SiCTv8="},"registered":true,"backupToken":{"type":"Buffer","data":"aoBvCnijZvsXW7DU7r5E0thO8MI="},"registration":{},"pairingCode":"Y39Z3JQ2","me":{"id":"2349010243712:41@s.whatsapp.net","lid":"21677320749209:41@lid"},"account":{"details":"CJXl0JwBELnnkMYGGCkgACgA","accountSignatureKey":"IUonxoZF756MFJbDFcmpiC8jge5uQlDauZKv2q+m4Sw=","accountSignature":"7FxZ0DlARiS+ePLTJTF19pPZvQEDXwBvzUtzqgMZgvMo9zT78eQr1+QOchJyemk/e6u7P3ViNjUXzZIxh/J3Dg==","deviceSignature":"3hvdgVH3L3M3khVYR+i1Hsy53XBx3yom3uPz2q8R9DqrFKuKDoAHlnMdv6d0L6NZGfUdti/lwT0FAgjXmdRChA=="},"signalIdentities":[{"identifier":{"name":"2349010243712:41@s.whatsapp.net","deviceId":0},"identifierKey":{"type":"Buffer","data":"BSFKJ8aGRe+ejBSWwxXJqYgvI4HubkJQ2rmSr9qvpuEs"}}],"platform":"android","routingInfo":{"type":"Buffer","data":"CA0IBQ=="},"lastAccountSyncTimestamp":1757688776,"lastPropHash":"2G4Amu","myAppStateKeyId":"AAAAABfP"}