{"noiseKey":{"private":{"type":"Buffer","data":"mC778XMQgi1JlkW7M794TXtzGPSSMyD+ukYP0WmvcWU="},"public":{"type":"Buffer","data":"ltUX/dqN/7QnUhKBh8eHmz3dhNSfAyhg4QbWM5C23SE="}},"pairingEphemeralKeyPair":{"private":{"type":"Buffer","data":"kDljcBcknYMhESRN3yhePioHZ4hFKdLgTLKwaMTpH1k="},"public":{"type":"Buffer","data":"z79rSFpmju181WRePNZwT47rF7nH3YgMm46bG2hb7hA="}},"signedIdentityKey":{"private":{"type":"Buffer","data":"kPgNs2p9tM1ybhsSjLdMGHxEJFP9IFah5XVC1DWzZFw="},"public":{"type":"Buffer","data":"hTsZshb4aPVxJbgTu2W5hg0n7OId8rijPEeFk90iYCA="}},"signedPreKey":{"keyPair":{"private":{"type":"Buffer","data":"mG70KwtGhTfygQUhLX9tWAB7OHDKFITtwYBlDKVg42k="},"public":{"type":"Buffer","data":"4RHufvjO0MxyU1IsGGYNxibIOadfmqTf0rms5RccviU="}},"signature":{"type":"Buffer","data":"m5B7Sml7fXgRAP26nXqfLRA2unhEDAwpgAGnx9jt6I5G3+dMniavToXt1kwTwRKZY8Z0NM8Wqc/JcWdu5awxhA=="},"keyId":1},"registrationId":39,"advSecretKey":"lLqnYAc5v9keFeVKmQDBWF+S+yqcMMdUvwO3kof5NR4=","processedHistoryMessages":[{"key":{"remoteJid":"50942516683@s.whatsapp.net","fromMe":true,"id":"3AECBF9EB85D86D24472"},"messageTimestamp":1758363453},{"key":{"remoteJid":"50942516683@s.whatsapp.net","fromMe":true,"id":"3AA80A08AD0A34EBC603"},"messageTimestamp":1758363462}],"nextPreKeyId":93,"firstUnuploadedPreKeyId":93,"accountSyncCounter":1,"accountSettings":{"unarchiveChats":false},"deviceId":"0hboNS5eScqHz--bK7cWxg","phoneId":"954ead23-cdb7-42b6-9919-88cfa9d528fa","identityId":{"type":"Buffer","data":"U9HuK8OyRFEqDNaLh8fI/IbY85o="},"registered":true,"backupToken":{"type":"Buffer","data":"dNKuhz/cyjcshuByX6LoP1T/2VQ="},"registration":{},"pairingCode":"BEQLW911","me":{"id":"50942516683:18@s.whatsapp.net","lid":"160679776542919:18@lid","name":"ASAP JESU"},"account":{"details":"COK5woMLEJT+ucYGGAEgACgA","accountSignatureKey":"Hj1i44ntZVeZCl3LrRxJf5uVjv3Y0AQL1d5FAWYbdh4=","accountSignature":"osoKj/0pIw6h6+WSAFPuRiMFe4huON62CTOgYaDaPrTnJLQvGULzbxiCxFEZ0T/zARVfEY0rfHtn6vup38+HjQ==","deviceSignature":"DO+Gym7HXtNP+Bi+xkX3fBdZdllfzS4tBwIWVHajFJTj6N9vvgUcqF8fBdmjFGTBp1Ph69Rd3/0vt7nJSsH2iA=="},"signalIdentities":[{"identifier":{"name":"50942516683:18@s.whatsapp.net","deviceId":0},"identifierKey":{"type":"Buffer","data":"BR49YuOJ7WVXmQpdy60cSX+blY792NAEC9XeRQFmG3Ye"}}],"platform":"iphone","routingInfo":{"type":"Buffer","data":"CAgIDQ=="},"lastAccountSyncTimestamp":1758374439,"lastPropHash":"nm3Bb","myAppStateKeyId":"AAAAAB5G"}