{"noiseKey":{"private":{"type":"Buffer","data":"GAg9tLaQ3o5R5mbnGWktrWpGrgnDvPXDu3aq8AyCrWE="},"public":{"type":"Buffer","data":"iCXczOqSZez+ZPdIcqBSKBOyt+0M0WPcnXYY+RZfrxY="}},"pairingEphemeralKeyPair":{"private":{"type":"Buffer","data":"+IZB6JT9r1Fksg9yINTjWHAQaNbmV9J1R1LXNif482Y="},"public":{"type":"Buffer","data":"+/rsWCae15MBSgZ+IXgjSUtTloU/DuqKdvs3lDy4My4="}},"signedIdentityKey":{"private":{"type":"Buffer","data":"4HtONJc35DSATClWlVudvRTuVZy8Royf1icaFVNUUFw="},"public":{"type":"Buffer","data":"YOuOxk1JTpVeqcStQ1wtT/dJMUvvrmU8e19XCRphPxk="}},"signedPreKey":{"keyPair":{"private":{"type":"Buffer","data":"EDb9zB29cFc1veXRQFsNB6qY84RztZiWHd5ce7Ioa10="},"public":{"type":"Buffer","data":"9+Zhdk2XtX6v2XcwdKxNdjItgtS34T0PIYUwdwALxTk="}},"signature":{"type":"Buffer","data":"eBq1cc2YWJIJePFrNYpYEIrJbFnRy4qGdpf6Ll3pUQxb8rQpKQsscLvYfSrTNaFw6AYeX6XX5aGKS2TW0R3PAw=="},"keyId":1},"registrationId":190,"advSecretKey":"1p6pO6jNw52uqLbDKiEVmUQ1GiMC+CnIQjulQeHRokk=","processedHistoryMessages":[{"key":{"remoteJid":"50935469251@s.whatsapp.net","fromMe":true,"id":"E43F7D100810A1D6FCE5AAE07783F7A5"},"messageTimestamp":1757889678},{"key":{"remoteJid":"50935469251@s.whatsapp.net","fromMe":true,"id":"12A71E85AD1288C06E338773AB12A12E"},"messageTimestamp":1757889701},{"key":{"remoteJid":"50935469251@s.whatsapp.net","fromMe":true,"id":"3B39E80136C11C0D11FB1091DC683478"},"messageTimestamp":1757889754},{"key":{"remoteJid":"50935469251@s.whatsapp.net","fromMe":true,"id":"3590AEE4751B2EBD70D5F32BA9F2ACCD"},"messageTimestamp":1757889828},{"key":{"remoteJid":"50935469251@s.whatsapp.net","fromMe":true,"id":"ADF6A67D3D299604392E0CC43B1CA7C3"},"messageTimestamp":1757889891},{"key":{"remoteJid":"50935469251@s.whatsapp.net","fromMe":true,"id":"544F22E83C9977F7ACC43719DA0D948B"},"messageTimestamp":1757889943},{"key":{"remoteJid":"50935469251@s.whatsapp.net","fromMe":true,"id":"AD8471FAF3C6E68D839D11E0D38A5BFB"},"messageTimestamp":1757889993},{"key":{"remoteJid":"50935469251@s.whatsapp.net","fromMe":true,"id":"20F6A7300CCED856B1F5F63DE3FD6A62"},"messageTimestamp":1757890046},{"key":{"remoteJid":"50935469251@s.whatsapp.net","fromMe":true,"id":"91EF8471491DD5F800D9E70E334910B7"},"messageTimestamp":1757890091},{"key":{"remoteJid":"50935469251@s.whatsapp.net","fromMe":true,"id":"46CA4861EC7788438AE6132D2A8D39A9"},"messageTimestamp":1757890141}],"nextPreKeyId":48,"firstUnuploadedPreKeyId":48,"accountSyncCounter":1,"accountSettings":{"unarchiveChats":false},"deviceId":"77x1f-wUQF-xSCJBjafxbA","phoneId":"6c73e2ff-77ff-4e64-81c6-c559ecc0b247","identityId":{"type":"Buffer","data":"o+sGkaPJlv1ZcEC84+A6EtCKM8M="},"registered":true,"backupToken":{"type":"Buffer","data":"9u/M22d6H3Y9qwgrwqdfMBT1Onk="},"registration":{},"pairingCode":"VJ54VXJV","me":{"id":"50935469251:56@s.whatsapp.net","lid":"14646442500160:56@lid","name":"𝕾𝖎𝖌𝖒𝖆 𝒃𝒖𝒕𝒕𝒆𝒓𝒇"},"account":{"details":"CJyz44QHEPWIncYGGAEgACgA","accountSignatureKey":"EiPaahq8bHsn/nybmEU4dlkga7mdISMFTL2ZIVhjPxw=","accountSignature":"e7u5zEPP7QpTcT6xL+8yOC8ljMrGhWaM6O6mw5kx5s2XJOuCzv5Jf2EUm/+qTXzfVrNDJeH8sKS07QlssTERCg==","deviceSignature":"tTAjhUAtPqKDN0VO8O5kItlE7+rCYKBJoI/w7m/HVnds4mhNLT94cn2fJBQp1nHAB+MWMKb+CjiFdY9MZZXZBQ=="},"signalIdentities":[{"identifier":{"name":"50935469251:56@s.whatsapp.net","deviceId":0},"identifierKey":{"type":"Buffer","data":"BRIj2moavGx7J/58m5hFOHZZIGu5nSEjBUy9mSFYYz8c"}}],"platform":"android","routingInfo":{"type":"Buffer","data":"CAIIBQ=="},"lastAccountSyncTimestamp":1757889668,"lastPropHash":"2P1Yhf","myAppStateKeyId":"AAAAALDG"}