{"noiseKey":{"private":{"type":"Buffer","data":"EM93ocjI7QxEc2mOvILgB4+28BPeeXdEF/3mP00XjHY="},"public":{"type":"Buffer","data":"hFacZW/qvWOwhv4x0mGmZd2UXA+07s3dmvVQyjyxDwo="}},"pairingEphemeralKeyPair":{"private":{"type":"Buffer","data":"AK7hv6yIHM3CzkB78eVblaG1WaIfzCblr38AOPMtkm0="},"public":{"type":"Buffer","data":"7b7KD/lJrz/ledS8gTTDRJof0SjaV1ChLAuPBIZzXSY="}},"signedIdentityKey":{"private":{"type":"Buffer","data":"wP6YVKGqGRmhtIaQg9MNIyIWtdgWBtHQ3fNvE5yn1WY="},"public":{"type":"Buffer","data":"TxleyzpW5d92yL3PzqqcCXNzsfKIfU/sCURYamdSXiY="}},"signedPreKey":{"keyPair":{"private":{"type":"Buffer","data":"iHH+nLdb5lbXUuW8aNcWXbWNU93E+dgFXrU04nhBHUU="},"public":{"type":"Buffer","data":"OPd7B/ZXZp0Kn4D3lKZJoNtf98dw/ARJsXf+dtCuumQ="}},"signature":{"type":"Buffer","data":"B6Ry9yxxTPuJh5U3wpzKHLSgPeJhH2B1Ft7hvyaUYFGQAL252DmWhNK2vGkWUcf4HHjOx4ZEtCSeMiddJ8lXhQ=="},"keyId":1},"registrationId":104,"advSecretKey":"3wVGdIU/d8IHu8TVyoUJriqERg0RmlL9NFS0N+SFSUg=","processedHistoryMessages":[{"key":{"remoteJid":"50938868728@s.whatsapp.net","fromMe":true,"id":"3BEC0FC02185B973C888F9C0F73585B3"},"messageTimestamp":1758599093},{"key":{"remoteJid":"50938868728@s.whatsapp.net","fromMe":true,"id":"A19173EF5DBA29DD90F072EA7AA44BCF"},"messageTimestamp":1758599135},{"key":{"remoteJid":"50938868728@s.whatsapp.net","fromMe":true,"id":"883A0D3F6A7752A03DC3B5EF983A32E4"},"messageTimestamp":1758599149},{"key":{"remoteJid":"50938868728@s.whatsapp.net","fromMe":true,"id":"369D037743A48A21BC20DA4310CC946B"},"messageTimestamp":1758599167},{"key":{"remoteJid":"50938868728@s.whatsapp.net","fromMe":true,"id":"C2B0E155F8CD7B28F349C59A15E4B1E9"},"messageTimestamp":1758599180}],"nextPreKeyId":509,"firstUnuploadedPreKeyId":509,"accountSyncCounter":1,"accountSettings":{"unarchiveChats":false},"deviceId":"uTX-FlU7S9m2JBYTYf47NQ","phoneId":"621d69d3-c723-4b06-99ac-bb1bf8d61576","identityId":{"type":"Buffer","data":"5kRXlwS7J2SVPMvGkuYLLacvVH8="},"registered":true,"backupToken":{"type":"Buffer","data":"RidU4+UQ4jTmjErdZJ3EXFq51YA="},"registration":{},"pairingCode":"TVLP6NFK","me":{"id":"50938868728:29@s.whatsapp.net","lid":"281338024349735:29@lid","name":"Billy"},"account":{"details":"CKXbo9gHEJqvyMYGGAEgACgA","accountSignatureKey":"e2paiY0M9wyT6KT+EvcUcKxB0WDCkSov5MX74Rc/qDk=","accountSignature":"El7sGGYAAZHYLdiTf40ZSN4JGn9CXgTsA81LNXx266Wi+yvizbcPT7AHydY9RLAy2vyzrZLY0Mg0CuZay/B5Bg==","deviceSignature":"3zCWwlc/rEGqjgcr8dUWnBx8LNRx4BmKdPmx1t4ckxfW5bklJ9P4hyQ0CdVpyfi9B3XIBsl+Bk3zVUsS+OSDhA=="},"signalIdentities":[{"identifier":{"name":"50938868728:29@s.whatsapp.net","deviceId":0},"identifierKey":{"type":"Buffer","data":"BXtqWomNDPcMk+ik/hL3FHCsQdFgwpEqL+TF++EXP6g5"}}],"platform":"android","routingInfo":{"type":"Buffer","data":"CBIIDQ=="},"lastAccountSyncTimestamp":1758600728,"lastPropHash":"2P1Yhf","myAppStateKeyId":"AAAAAMum"}