{"noiseKey":{"private":{"type":"Buffer","data":"QAxY4wletEiXOb2LXFYWV6OOb3ePHXLnoPDFYscVME4="},"public":{"type":"Buffer","data":"S7MX01iQRPHA3DfO264fsDJ3WREkgt4AoroC955vqGs="}},"pairingEphemeralKeyPair":{"private":{"type":"Buffer","data":"yJRpl4UqG6+55ot5E98ncoWhmE8+62xq2490Jgk7n2Q="},"public":{"type":"Buffer","data":"xeUBZ75T/JXEoP2Z0AQY8IifmdeSfzNFagcGy6kCXyU="}},"signedIdentityKey":{"private":{"type":"Buffer","data":"yF2Iqt4cVbahTjoIMc7Md3H35l5WHIYE7Zww6zTzuU4="},"public":{"type":"Buffer","data":"xsaxzrEfFQbjNoj18T3QpZwCzsD+9ZA4CFxmoWdx4W0="}},"signedPreKey":{"keyPair":{"private":{"type":"Buffer","data":"4PaWK+1Tqzpgg/bHJA76w1ykJvKNGsIMjjL8up2TflM="},"public":{"type":"Buffer","data":"rQhQWMEGT6Ba22GatCmzP49onuSm8gzpro8JflQ/mUA="}},"signature":{"type":"Buffer","data":"b2Tov8bmkSUkC2/4fXTDM1PPCYQozSdeIpT6CWHyutRXBrymF1WDfFtm8LZw+hBwTGSV/0oofIRjGDOyiQPhCQ=="},"keyId":1},"registrationId":75,"advSecretKey":"5vobxCbR/ZtQO8/kb4PUC9gFw0MgXna3NPLcG69gbtw=","processedHistoryMessages":[{"key":{"remoteJid":"50941954365@s.whatsapp.net","fromMe":true,"id":"977EAECE8483EA98DA71BDAB090D071A"},"messageTimestamp":1757729237},{"key":{"remoteJid":"50941954365@s.whatsapp.net","fromMe":true,"id":"5BA4D1EF9D77FAE0D789E27C85F3790C"},"messageTimestamp":1757729245},{"key":{"remoteJid":"50941954365@s.whatsapp.net","fromMe":true,"id":"5AA12932563B81F8B2BA0A32535FE4D3"},"messageTimestamp":1757729251}],"nextPreKeyId":600,"firstUnuploadedPreKeyId":600,"accountSyncCounter":1,"accountSettings":{"unarchiveChats":false},"deviceId":"FtTDNrbPRfGqn2UDyhOGyQ","phoneId":"0147e171-293c-442b-ba02-01b9331d302e","identityId":{"type":"Buffer","data":"NfaFnAI4bEGnwQl0nBTgwN9XPd0="},"registered":true,"backupToken":{"type":"Buffer","data":"fRmm8dGCZAFv3MrROhlK2BW2cC0="},"registration":{},"pairingCode":"5PA1B584","me":{"id":"50941954365:1@s.whatsapp.net","name":"𝐌𝐑𝐒᭄⋆𝐍𝐀𝐘𝐋𝐈𝐄","lid":"59219646644439:1@lid"},"account":{"details":"COmgsfEFELOjk8YGGAEgACgA","accountSignatureKey":"WaVIkSTvBvlnTjGBYWx/ilCVS1WxPJXUYgvNVlb8w2E=","accountSignature":"jE7zGlWF6XtsmKm8kwn1Cd6FnzM1JjQzUz6R/Vz0Bx2USa3PQLeIJXpVcEe4Soyv38r3T1fwhoubayqlorXgCQ==","deviceSignature":"YSVZsBwxuQEqClMgpBGfJwmbQIMIaXb0gyrBgjGmW35LymE2wP8xvANtZXei+ddTTQRZ2blq1CLjpFybBDaJAg=="},"signalIdentities":[{"identifier":{"name":"50941954365:1@s.whatsapp.net","deviceId":0},"identifierKey":{"type":"Buffer","data":"BVmlSJEk7wb5Z04xgWFsf4pQlUtVsTyV1GILzVZW/MNh"}}],"platform":"smba","routingInfo":{"type":"Buffer","data":"CBIIDQ=="},"lastAccountSyncTimestamp":1757735374,"lastPropHash":"3gPUJk","myAppStateKeyId":"AAAAAMZO"}